Lake,lakecode,Lake latitude (째),Lake longitude (째),Elevation,NOAA Weather Station,GHCND_ID,Station latitude (째),Station longitude (째),Station elevation (m),Elevation difference (m),Distance (km),Earliest date,Latest date,Number of days
mendota,DMR1,43.128,-89.42,258.0,PORTAGE,USC00476718,43.52690487499999,-89.44308749999999,243.3,-14.7,44.4,1896-02-22,2019-12-31,44219
mendota,DMR1,43.128,-89.42,258.0,MADISON WB CITY,USC00474966,43.08333,-89.4,296.9,38.9,5.2,1869-01-01,1955-10-30,10482
mendota,DMR1,43.128,-89.42,258.0,MADISON TRUAX FIELD,USW00014837,43.136296470588235,-89.33823647058824,263.0,5.0,6.7,1947-01-21,2019-12-14,386
monona,DMR2,43.067,-89.366,256.0,LAKE MILLS,USC00474482,43.069114916666656,-88.90420425,258.5,2.5,37.6,1893-01-04,2019-12-31,43135
monona,DMR2,43.067,-89.366,256.0,MADISON WB CITY,USC00474966,43.08333,-89.4,296.9,40.9,3.3,1869-01-01,1962-06-25,8970
monona,DMR2,43.067,-89.366,256.0,BRODHEAD,USC00471078,42.615924812500005,-89.38032143749999,242.0,-14.0,50.1,1897-11-15,2019-04-19,2964
monona,DMR2,43.067,-89.366,256.0,ARBORETUM UNIV WIS,USC00470273,43.03926833333333,-89.42529333333334,264.1,8.1,5.7,1978-11-13,2009-06-29,12
monona,DMR2,43.067,-89.366,256.0,MADISON TRUAX FIELD,USW00014837,43.136296470588235,-89.33823647058824,263.0,7.0,8.0,1968-02-27,2004-04-10,6
mirror,HB01,43.944,-71.693,217.0,PLYMOUTH,USC00276945,43.76555599999999,-71.67333333333333,187.1,-29.9,19.9,1968-12-25,2006-12-31,9262
mirror,HB01,43.944,-71.693,217.0,WOODSTOCK,USC00279940,43.97777666666667,-71.68333200000001,210.5,-6.5,3.8,1968-01-01,1980-12-31,4520
mirror,HB01,43.944,-71.693,217.0,UNION VILLAGE DAM,USC00438556,43.79723142857143,-72.26369857142856,140.3,-76.7,48.7,1969-05-01,1981-11-30,240
mirror,HB01,43.944,-71.693,217.0,TAMWORTH 3,USC00278612,43.9,-71.3,240.2,23.2,31.9,1979-08-23,2000-01-23,104
mirror,HB01,43.944,-71.693,217.0,TAMWORTH 4,USC00278614,43.86434,-71.26628,164.9,-52.1,35.4,2000-12-31,2006-06-02,96
mirror,HB01,43.944,-71.693,217.0,FRANCONIA,USC00273160,44.224999,-71.741666,292.9,75.9,31.5,1981-08-15,1981-09-07,15
mirror,HB01,43.944,-71.693,217.0,NORTH CONWAY,USC00275995,44.04962999999999,-71.13228,161.5,-55.5,46.5,2000-04-18,2002-11-28,5
mirror,HB01,43.944,-71.693,217.0,CAMPTON,USC00271099,43.85833425,-71.63333075,195.0,-22.0,10.7,1968-03-29,1968-10-31,3
kegonsa,JD01,42.966,-89.251,256.0,LAKE MILLS,USC00474482,43.069114916666656,-88.90420425,258.5,2.5,30.5,1902-01-01,2007-12-31,35851
kegonsa,JD01,42.966,-89.251,256.0,WATERTOWN,USC00478919,43.18728583333334,-88.72729533333334,251.1,-4.9,49.2,1902-01-05,2007-08-26,2679
kegonsa,JD01,42.966,-89.251,256.0,MADISON WB CITY,USC00474966,43.08333,-89.4,296.9,40.9,17.8,1902-01-02,1947-04-06,164
kegonsa,JD01,42.966,-89.251,256.0,STOUGHTON,USC00478229,42.911536999999996,-89.21543063636365,258.2,2.2,6.7,1969-11-22,2003-06-29,13
kegonsa,JD01,42.966,-89.251,256.0,ARBORETUM UNIV WIS,USC00470273,43.03926833333333,-89.42529333333334,264.1,8.1,16.4,1995-10-03,1997-08-24,8
kegonsa,JD01,42.966,-89.251,256.0,MADISON TRUAX FIELD,USW00014837,43.136296470588235,-89.33823647058824,263.0,7.0,20.2,1996-03-30,1996-03-30,1
spirit,JGL01,43.477,-95.102,425.0,MILFORD 4 NW,USC00135493,43.37619658333333,-95.18601216666666,429.0,4.0,13.1,1944-02-01,2008-12-31,22968
spirit,JGL01,43.477,-95.102,425.0,LAKE PARK,USC00134561,43.45235783333333,-95.32145775,448.0,23.0,18.0,1943-01-01,2008-05-18,1007
spirit,JGL01,43.477,-95.102,425.0,SPIRIT LAKE,USC00137859,43.423198777777785,-95.11196433333335,440.7,15.7,6.0,1953-09-09,2008-12-27,109
spirit,JGL01,43.477,-95.102,425.0,ESTHERVILLE 2 N,USC00132724,43.40809736842104,-94.81301778947369,404.2,-20.8,24.6,1943-07-27,1986-05-23,21
spirit,JGL01,43.477,-95.102,425.0,SPENCER 1 N,USC00137844,43.16727705555556,-95.15202994444446,405.1,-19.9,34.6,1982-10-06,1986-01-09,2
allequash,JJM1,46.037,-89.62,494.0,MINOCQUA DAM,USC00475516,45.88807454545454,-89.7226701818182,485.3,-8.7,18.4,1981-01-01,2018-12-31,13674
allequash,JJM1,46.037,-89.62,494.0,ST GERMAIN 2 E,USC00477480,45.90785076923076,-89.4496246153846,499.3,5.3,19.5,1982-01-01,2010-08-12,198
allequash,JJM1,46.037,-89.62,494.0,REST LAKE,USC00477092,46.122863833333334,-89.87730966666665,489.9,-4.1,22.1,1991-03-07,2004-11-15,3
allequash,JJM1,46.037,-89.62,494.0,MERCER RANGER STATION,USC00475352,46.16457558333334,-90.05369891666668,487.7,-6.3,36.4,2015-09-13,2016-04-17,3
allequash,JJM1,46.037,-89.62,494.0,RAINBOW RESERVOIR,USC00476939,45.83269037499999,-89.54662537499999,487.7,-6.3,23.4,1982-11-07,1982-11-07,1
shishebogama,JJM14,45.897,-89.819,479.0,MINOCQUA DAM,USC00475516,45.88807454545454,-89.7226701818182,485.3,6.3,7.5,1957-01-01,2002-12-31,16604
shishebogama,JJM14,45.897,-89.819,479.0,WILLOW RESERVOIR,USC00479236,45.710055000000004,-89.85025833333333,472.7,-6.3,20.9,1957-05-15,2002-10-06,194
shishebogama,JJM14,45.897,-89.819,479.0,RAINBOW RESERVOIR,USC00476939,45.83269037499999,-89.54662537499999,487.7,8.7,22.3,1993-03-26,1993-11-29,2
shishebogama,JJM14,45.897,-89.819,479.0,REST LAKE,USC00477092,46.122863833333334,-89.87730966666665,489.9,10.9,25.5,2000-10-28,2000-10-28,1
escanaba,JJM15,46.06399999999999,-89.587,501.0,MINOCQUA DAM,USC00475516,45.88807454545454,-89.7226701818182,485.3,-15.7,22.2,1954-01-22,2019-07-31,9686
escanaba,JJM15,46.06399999999999,-89.587,501.0,RHINELANDER ONEIDA COUNTY AP,USW00004803,45.63234,-89.46374285714286,488.5,-12.5,48.9,1998-05-28,2019-12-31,7866
escanaba,JJM15,46.06399999999999,-89.587,501.0,BIG ST GERMAIN DAM,USC00470786,45.916669625000004,-89.518749625,495.3,-5.7,17.2,1954-01-01,1971-11-30,6409
escanaba,JJM15,46.06399999999999,-89.587,501.0,ST GERMAIN 2 E,USC00477480,45.90785076923076,-89.4496246153846,499.3,-1.7,20.4,1971-12-03,1998-01-01,141
escanaba,JJM15,46.06399999999999,-89.587,501.0,REST LAKE,USC00477092,46.122863833333334,-89.87730966666665,489.9,-11.1,23.4,1961-02-09,1992-02-10,3
escanaba,JJM15,46.06399999999999,-89.587,501.0,RAINBOW RESERVOIR,USC00476939,45.83269037499999,-89.54662537499999,487.7,-13.3,25.9,1982-11-07,1982-11-07,1
nebish,JJM17,46.051,-89.589,503.0,MINOCQUA DAM,USC00475516,45.88807454545454,-89.7226701818182,485.3,-17.7,20.9,1958-02-07,2019-12-31,17448
nebish,JJM17,46.051,-89.589,503.0,BIG ST GERMAIN DAM,USC00470786,45.916669625000004,-89.518749625,495.3,-7.7,15.9,1958-01-01,1971-11-30,4961
nebish,JJM17,46.051,-89.589,503.0,ST GERMAIN 2 E,USC00477480,45.90785076923076,-89.4496246153846,499.3,-3.7,19.2,1971-12-03,2010-08-12,228
nebish,JJM17,46.051,-89.589,503.0,REST LAKE,USC00477092,46.122863833333334,-89.87730966666665,489.9,-13.1,23.7,1961-02-09,2004-11-15,4
nebish,JJM17,46.051,-89.589,503.0,MERCER RANGER STATION,USC00475352,46.16457558333334,-90.05369891666668,487.7,-15.3,38.1,2015-09-13,2016-04-17,3
nebish,JJM17,46.051,-89.589,503.0,RAINBOW RESERVOIR,USC00476939,45.83269037499999,-89.54662537499999,487.7,-15.3,24.5,1982-11-07,1982-11-07,1
wingra,JJM18,43.054,-89.419,257.0,LAKE MILLS,USC00474482,43.069114916666656,-88.90420425,258.5,1.5,42.0,1893-01-04,2020-12-31,43500
wingra,JJM18,43.054,-89.419,257.0,MADISON WB CITY,USC00474966,43.08333,-89.4,296.9,39.9,3.6,1877-01-01,1947-12-19,6609
wingra,JJM18,43.054,-89.419,257.0,PRAIRIE DU SAC 2 N,USC00476838,43.30769957142858,-89.72952142857143,235.2,-21.8,37.8,1908-10-10,2007-08-24,1910
wingra,JJM18,43.054,-89.419,257.0,ARBORETUM UNIV WIS,USC00470273,43.03926833333333,-89.42529333333334,264.1,7.1,1.7,1989-09-23,2020-03-10,445
wingra,JJM18,43.054,-89.419,257.0,CHARMANY UNIV FARM,USC00471416,43.05416916666666,-89.47205141666667,319.1,62.1,4.3,1996-06-08,2005-01-31,62
wingra,JJM18,43.054,-89.419,257.0,MADISON TRUAX FIELD,USW00014837,43.136296470588235,-89.33823647058824,263.0,6.0,11.3,1998-05-23,2004-12-25,7
big_muskellunge,JJM2,46.016000000000005,-89.62299999999999,499.0,MINOCQUA DAM,USC00475516,45.88807454545454,-89.7226701818182,485.3,-13.7,16.2,1944-01-01,2018-12-31,26505
big_muskellunge,JJM2,46.016000000000005,-89.62299999999999,499.0,BIG ST GERMAIN DAM,USC00470786,45.916669625000004,-89.518749625,495.3,-3.7,13.7,1944-04-01,1970-09-14,642
big_muskellunge,JJM2,46.016000000000005,-89.62299999999999,499.0,ST GERMAIN 2 E,USC00477480,45.90785076923076,-89.4496246153846,499.3,0.3,18.0,1971-12-03,2010-08-12,228
big_muskellunge,JJM2,46.016000000000005,-89.62299999999999,499.0,RAINBOW RESERVOIR,USC00476939,45.83269037499999,-89.54662537499999,487.7,-11.3,21.2,1946-11-10,1992-02-10,8
big_muskellunge,JJM2,46.016000000000005,-89.62299999999999,499.0,REST LAKE,USC00477092,46.122863833333334,-89.87730966666665,489.9,-9.1,23.0,1945-06-11,2004-11-15,6
big_muskellunge,JJM2,46.016000000000005,-89.62299999999999,499.0,MERCER RANGER STATION,USC00475352,46.16457558333334,-90.05369891666668,487.7,-11.3,37.2,1944-09-05,2016-04-17,4
big_muskellunge,JJM2,46.016000000000005,-89.62299999999999,499.0,EAGLE RIVER,USC00472314,45.911746923076926,-89.26407207692309,498.5,-0.5,30.1,1944-08-02,1944-08-02,1
shell,JJM22,45.732,-91.896,368.0,SPOONER EXPERIMENT FARM,USC00478027,45.81517053846154,-91.89247715384614,336.0,-32.0,9.2,1894-06-17,2020-12-31,44301
shell,JJM22,45.732,-91.896,368.0,BARRON,USC00470565,45.5,-91.83333,339.9,-28.1,26.2,1893-01-03,1921-07-07,1560
shell,JJM22,45.732,-91.896,368.0,CUMBERLAND,USC00471923,45.54216946666666,-92.01965386666666,378.0,10.0,23.2,1932-03-01,2008-03-17,413
shell,JJM22,45.732,-91.896,368.0,HAYWARD RANGER STATION,USC00473511,46.00415939999999,-91.50435029999998,365.5,-2.5,42.9,1893-03-10,1923-09-27,383
shell,JJM22,45.732,-91.896,368.0,DANBURY,USC00471978,46.012371099999996,-92.3680181,281.9,-86.1,48.1,1922-01-01,1949-06-09,31
shell,JJM22,45.732,-91.896,368.0,RICE LAKE,USC00477132,45.45163631578947,-91.75709121052628,340.9,-27.1,33.0,1982-05-31,1994-11-18,5
shell,JJM22,45.732,-91.896,368.0,BEAVER BROOK,USC00470642,45.7833315,-91.8333315,369.0,1.0,7.5,1986-05-01,1988-06-26,2
big_green,JJM24,43.804,-89.02799999999999,242.0,PORTAGE,USC00476718,43.52690487499999,-89.44308749999999,243.3,1.3,45.5,1939-01-01,2020-12-31,29274
big_green,JJM24,43.804,-89.02799999999999,242.0,DALTON,USC00471970,43.652537142857135,-89.20002857142858,262.0,20.0,21.8,1953-04-05,2006-07-20,363
big_green,JJM24,43.804,-89.02799999999999,242.0,GRAND RIVER LOCK,USC00473214,43.74444533333334,-89.23888900000001,230.7,-11.3,18.2,1940-02-05,1954-03-02,284
big_green,JJM24,43.804,-89.02799999999999,242.0,MARKESAN,USC00475096,43.703067999999995,-88.998018,260.6,18.6,11.5,2007-07-31,2020-04-17,22
big_green,JJM24,43.804,-89.02799999999999,242.0,MONTELLO,USC00475581,43.788782,-89.31348700000001,242.3,0.3,23.0,1975-10-11,2004-02-02,7
big_green,JJM24,43.804,-89.02799999999999,242.0,BERLIN WWTP,USC00470742,43.990006666666666,-88.94109333333334,233.2,-8.8,21.8,2005-01-29,2005-01-29,1
devils,JJM26,43.417,-89.73200000000001,290.0,PORTAGE,USC00476718,43.52690487499999,-89.44308749999999,243.3,-46.7,26.4,1922-01-01,2004-12-31,29610
devils,JJM26,43.417,-89.73200000000001,290.0,BARABOO,USC00470516,43.46854607692308,-89.73193915384617,256.5,-33.5,5.7,1949-09-13,2004-12-12,519
devils,JJM26,43.417,-89.73200000000001,290.0,PRAIRIE DU SAC 2 N,USC00476838,43.30769957142858,-89.72952142857143,235.2,-54.8,12.1,1922-02-04,1985-08-16,102
devils,JJM26,43.417,-89.73200000000001,290.0,WISCONSIN DELLS,USC00479319,43.62304412499999,-89.774991625,263.0,-27.0,23.2,1947-01-05,1947-09-16,85
geneva,JJM27,42.568000000000005,-88.479,264.0,BELOIT COLLEGE,USC00470696,42.50196285714286,-89.03217757142859,238.1,-25.9,46.0,1893-01-01,2019-12-31,43786
geneva,JJM27,42.568000000000005,-88.479,264.0,LAKE GENEVA,USC00474457,42.59796333333333,-88.43101333333334,262.9,-1.1,5.2,1945-07-23,2003-02-18,1022
geneva,JJM27,42.568000000000005,-88.479,264.0,DELAVAN,USC00472050,42.63333,-88.31667,280.4,16.4,15.2,1893-01-04,1920-11-20,901
geneva,JJM27,42.568000000000005,-88.479,264.0,ANTIOCH 2NW,USC00110203,42.486860529411764,-88.10970235294117,232.8,-31.2,31.7,1901-07-04,1911-10-14,276
geneva,JJM27,42.568000000000005,-88.479,264.0,WILLIAMS BAY,USC00479226,42.572222333333336,-88.54444333333333,301.7,37.7,5.4,1925-01-16,1945-01-28,245
geneva,JJM27,42.568000000000005,-88.479,264.0,MARENGO,USC00115326,42.255080333333325,-88.60557223809522,254.1,-9.9,36.3,1899-02-19,1939-07-26,53
geneva,JJM27,42.568000000000005,-88.479,264.0,PELL LAKE,USC00476420,42.53207333333333,-88.3326,256.8,-7.2,12.7,2009-11-11,2019-09-24,41
geneva,JJM27,42.568000000000005,-88.479,264.0,SHARON,USC00477650,42.51667,-88.75,311.2,47.2,23.0,1893-01-03,1900-06-20,35
geneva,JJM27,42.568000000000005,-88.479,264.0,GENOA CITY,USC00473040,42.502915,-88.39110500000001,259.1,-4.9,10.2,2003-07-30,2008-05-05,21
geneva,JJM27,42.568000000000005,-88.479,264.0,BURLINGTON,USC00471205,42.65823724999999,-88.26003391666667,230.9,-33.1,20.6,1973-06-09,2009-10-08,5
maple,JJM28,46.141000000000005,-89.727,500.0,REST LAKE,USC00477092,46.122863833333334,-89.87730966666665,489.9,-10.1,11.8,1952-01-01,2005-12-31,19231
maple,JJM28,46.141000000000005,-89.727,500.0,MINOCQUA DAM,USC00475516,45.88807454545454,-89.7226701818182,485.3,-14.7,28.1,1952-04-06,2005-02-27,346
maple,JJM28,46.141000000000005,-89.727,500.0,MANITOWISH WATERS,USC00475012,46.15,-89.88333,500.3,0.3,12.1,1985-09-22,1994-10-02,79
maple,JJM28,46.141000000000005,-89.727,500.0,GLIDDEN WISCONSIN,USR0000WGLI,46.14,-90.0,472.4,-27.6,21.1,1997-04-15,2005-12-13,61
maple,JJM28,46.141000000000005,-89.727,500.0,ST GERMAIN 2 E,USC00477480,45.90785076923076,-89.4496246153846,499.3,-0.7,33.7,1993-12-30,2000-12-14,6
maple,JJM28,46.141000000000005,-89.727,500.0,RAINBOW RESERVOIR,USC00476939,45.83269037499999,-89.54662537499999,487.7,-12.3,37.0,1982-11-07,1982-11-07,1
crystal,JJM4,46.002,-89.613,501.0,MINOCQUA DAM,USC00475516,45.88807454545454,-89.7226701818182,485.3,-15.7,15.3,1981-01-01,2018-12-31,13674
crystal,JJM4,46.002,-89.613,501.0,ST GERMAIN 2 E,USC00477480,45.90785076923076,-89.4496246153846,499.3,-1.7,16.4,1982-01-01,2010-08-12,198
crystal,JJM4,46.002,-89.613,501.0,RAINBOW RESERVOIR,USC00476939,45.83269037499999,-89.54662537499999,487.7,-13.3,19.5,1982-11-07,1992-02-10,3
crystal,JJM4,46.002,-89.613,501.0,MERCER RANGER STATION,USC00475352,46.16457558333334,-90.05369891666668,487.7,-13.3,38.6,2015-09-13,2016-04-17,3
crystal,JJM4,46.002,-89.613,501.0,REST LAKE,USC00477092,46.122863833333334,-89.87730966666665,489.9,-11.1,24.5,2004-11-15,2004-11-15,1
sparkling,JJM6,46.00899999999999,-89.7,494.0,MINOCQUA DAM,USC00475516,45.88807454545454,-89.7226701818182,485.3,-8.7,13.6,1981-01-01,2018-12-31,13674
sparkling,JJM6,46.00899999999999,-89.7,494.0,REST LAKE,USC00477092,46.122863833333334,-89.87730966666665,489.9,-4.1,18.7,1982-01-01,2010-08-12,193
sparkling,JJM6,46.00899999999999,-89.7,494.0,ST GERMAIN 2 E,USC00477480,45.90785076923076,-89.4496246153846,499.3,5.3,22.4,1993-12-30,2007-09-21,8
sparkling,JJM6,46.00899999999999,-89.7,494.0,MERCER RANGER STATION,USC00475352,46.16457558333334,-90.05369891666668,487.7,-6.3,32.4,2015-09-13,2016-04-17,3
sparkling,JJM6,46.00899999999999,-89.7,494.0,RAINBOW RESERVOIR,USC00476939,45.83269037499999,-89.54662537499999,487.7,-6.3,22.9,1982-11-07,1982-11-07,1
kegonsa,JJM9,42.97,-89.25,256.0,MADISON TRUAX FIELD,USW00014837,43.136296470588235,-89.33823647058824,263.0,7.0,19.8,1957-01-01,1996-12-31,14610
george,KMS10,43.625,-73.55,99.0,CORNWALL,USC00431580,43.95655107692308,-73.21300000000002,137.8,38.8,45.7,1907-01-01,2019-12-31,37855
george,KMS10,43.625,-73.55,99.0,WHITEHALL AIRWAYS,USC00309389,43.55375,-73.40051625000001,36.3,-62.7,14.4,1937-07-27,2019-10-16,1720
george,KMS10,43.625,-73.55,99.0,CARVERS FALLS,USC00301220,43.616667,-73.3,74.1,-24.9,20.2,1907-01-08,1912-03-26,568
george,KMS10,43.625,-73.55,99.0,LAKE GEORGE,USC00304529,43.433333,-73.716667,106.7,7.7,25.2,1908-12-11,1919-04-11,349
george,KMS10,43.625,-73.55,99.0,GLENS FALLS FIRE STATION,USC00303289,43.3100008,-73.66000019999998,104.9,5.9,36.1,1912-07-16,1933-12-23,250
george,KMS10,43.625,-73.55,99.0,RUTLAND,USC00436995,43.61573374999999,-72.97094625000001,189.0,90.0,46.8,1919-12-07,1941-12-29,224
george,KMS10,43.625,-73.55,99.0,SILVER BAY,USC00307748,43.7,-73.516667,106.7,7.7,8.8,1920-05-14,1927-05-26,154
george,KMS10,43.625,-73.55,99.0,GLENS FALLS AP,USW00014750,43.34494294117648,-73.61833588235295,98.1,-0.9,31.6,1947-10-18,2014-04-28,102
george,KMS10,43.625,-73.55,99.0,SPIER FALLS,USC00308104,43.23333075,-73.75,126.6,27.6,46.4,1928-03-18,1940-12-25,22
george,KMS10,43.625,-73.55,99.0,TICONDEROGA 3 NE,USW00014772,43.87499666666667,-73.40277833333333,64.0,-35.0,30.2,1941-02-09,1942-07-31,22
george,KMS10,43.625,-73.55,99.0,LAKE GEORGE #1,USC00304530,43.433333,-73.716667,106.7,7.7,25.2,1907-02-10,1908-07-02,6
george,KMS10,43.625,-73.55,99.0,GLENS FALLS FARM,USC00303284,43.331110374999994,-73.71948537499999,153.5,54.5,35.4,1987-09-30,1987-09-30,1
mirror,KMS11,44.291,-73.982,566.0,LAKE PLACID 2S,USC00304555,44.26369126666667,-73.98421726666668,583.8,17.8,3.0,1897-08-01,2020-12-31,37464
mirror,KMS11,44.291,-73.982,566.0,SARANAC LAKE,USC00307472,44.329167375,-74.12916750000001,487.9,-78.1,12.5,1893-01-01,1966-01-10,5001
mirror,KMS11,44.291,-73.982,566.0,TUPPER LAKE SUNMOUNT,USC00308631,44.232724076923084,-74.43639915384617,504.7,-61.3,36.9,1899-10-20,2020-02-19,3513
mirror,KMS11,44.291,-73.982,566.0,GABRIELS,USC00303102,44.43333175000001,-74.17916650000001,538.3,-27.7,22.3,1908-10-09,1967-11-12,508
mirror,KMS11,44.291,-73.982,566.0,RAY BROOK,USC00306957,44.299222,-74.100556,493.8,-72.2,9.5,1972-05-09,1998-12-16,65
mirror,KMS11,44.291,-73.982,566.0,NEWCOMB,USC00305714,43.96794090909092,-74.17833363636363,496.7,-69.3,39.2,2011-01-01,2017-08-27,15
mirror,KMS11,44.291,-73.982,566.0,PAUL SMITHS,USC00306459,44.433330500000004,-74.25555666666666,504.1,-61.9,26.9,1904-01-04,1908-05-02,8
otsego,KMS14,42.758,-74.89399999999999,365.0,COOPERSTOWN,USC00301752,42.704514285714275,-74.91975149999999,373.0,8.0,6.3,1893-01-01,2019-12-31,44129
otsego,KMS14,42.758,-74.89399999999999,365.0,SHARON SPRINGS 2,USC00307664,42.783332,-74.65555666666667,414.0,49.0,19.7,1914-06-08,1950-06-17,1449
otsego,KMS14,42.758,-74.89399999999999,365.0,CHERRY VALLEY 2 NNE,USC00301436,42.81649023076922,-74.75209176923077,429.7,64.7,13.3,1953-02-08,2011-04-13,361
otsego,KMS14,42.758,-74.89399999999999,365.0,LITTLE FALLS CITY RESER,USC00304791,43.06312855555555,-74.867743,273.6,-91.4,34.0,1897-11-14,1963-03-28,295
otsego,KMS14,42.758,-74.89399999999999,365.0,MARYLAND 6 SW,USC00305113,42.48962571428571,-74.99168428571429,369.1,4.1,30.9,1995-04-20,2019-03-05,73
otsego,KMS14,42.758,-74.89399999999999,365.0,RICHMONDVILLE,USC00307088,42.633333,-74.55,457.2,92.2,31.4,1900-02-28,1905-09-13,53
otsego,KMS14,42.758,-74.89399999999999,365.0,MARYLAND 6SW,USC00306224,42.4533334,-75.0666682,338.4,-26.6,36.7,1894-09-10,1914-12-14,19
otsego,KMS14,42.758,-74.89399999999999,365.0,BROOKFIELD,USC00300957,42.8,-75.333333,396.2,31.2,36.3,1893-02-16,1894-03-26,6
placid,KMS15,44.304,-73.995,568.0,LAKE PLACID 2S,USC00304555,44.26369126666667,-73.98421726666668,583.8,15.8,4.6,1919-01-01,2005-12-31,29383
placid,KMS15,44.304,-73.995,568.0,RAY BROOK,USC00306957,44.299222,-74.100556,493.8,-74.2,8.4,1969-12-26,2004-01-03,991
placid,KMS15,44.304,-73.995,568.0,GABRIELS,USC00303102,44.43333175000001,-74.17916650000001,538.3,-29.7,20.5,1919-01-02,1973-12-26,918
placid,KMS15,44.304,-73.995,568.0,TUPPER LAKE SUNMOUNT,USC00308631,44.232724076923084,-74.43639915384617,504.7,-63.3,36.1,1925-10-09,2005-12-12,321
placid,KMS15,44.304,-73.995,568.0,SARANAC LAKE,USC00307472,44.329167375,-74.12916750000001,487.9,-80.1,11.1,1948-01-30,1966-01-10,118
placid,KMS15,44.304,-73.995,568.0,PAUL SMITHS,USC00306459,44.433330500000004,-74.25555666666666,504.1,-63.9,25.3,1966-05-15,1966-07-22,2
saranac_lower,KMS17,44.302,-74.189,468.0,TUPPER LAKE SUNMOUNT,USC00308631,44.232724076923084,-74.43639915384617,504.7,36.7,21.2,1906-01-01,2005-12-31,30006
saranac_lower,KMS17,44.302,-74.189,468.0,LAKE PLACID 2S,USC00304555,44.26369126666667,-73.98421726666668,583.8,115.8,16.9,1909-01-01,2005-11-14,5510
saranac_lower,KMS17,44.302,-74.189,468.0,GABRIELS,USC00303102,44.43333175000001,-74.17916650000001,538.3,70.3,14.6,1908-10-09,1967-11-12,508
saranac_lower,KMS17,44.302,-74.189,468.0,SARANAC LAKE,USC00307472,44.329167375,-74.12916750000001,487.9,19.9,5.6,1906-01-03,1909-01-29,368
saranac_lower,KMS17,44.302,-74.189,468.0,RAY BROOK,USC00306957,44.299222,-74.100556,493.8,25.8,7.1,1972-05-09,1998-12-16,65
saranac_lower,KMS17,44.302,-74.189,468.0,KEENE VALLEY,USC00304332,44.17857014285715,-73.80714285714285,342.9,-125.1,33.4,1907-02-19,1917-10-01,9
saranac_lower,KMS17,44.302,-74.189,468.0,PAUL SMITHS,USC00306459,44.433330500000004,-74.25555666666666,504.1,36.1,15.5,1907-01-16,1908-05-02,4
schroon,KMS18,43.75899999999999,-73.782,246.0,GLENS FALLS FARM,USC00303284,43.331110374999994,-73.71948537499999,153.5,-92.5,47.8,1956-03-01,2012-01-19,17921
schroon,KMS18,43.75899999999999,-73.782,246.0,NORTH CREEK SE,USC00305925,43.68555466666667,-73.94938106666667,295.4,49.4,15.8,1907-11-20,2017-07-28,5840
schroon,KMS18,43.75899999999999,-73.782,246.0,SOUTH SCHROON,USC00308036,43.791664999999995,-73.8,336.2,90.2,3.9,1901-04-01,1965-05-28,3191
schroon,KMS18,43.75899999999999,-73.782,246.0,SCHROON LAKE,USC00307524,43.84073922222222,-73.75555633333335,259.7,13.7,9.3,1946-07-08,1961-04-01,2831
schroon,KMS18,43.75899999999999,-73.782,246.0,KEENE VALLEY,USC00304332,44.17857014285715,-73.80714285714285,342.9,96.9,46.7,1897-12-11,1918-10-24,2495
schroon,KMS18,43.75899999999999,-73.782,246.0,SCHROON LAKE NEW YORK,USR0000NSCH,43.8,-73.7,249.9,3.9,8.0,2003-07-16,2017-12-31,605
star,KMS19,44.156000000000006,-75.043,441.0,WANAKENA RANGER SCHOOL,USC00308944,44.1477393,-74.9017827,459.9,18.9,11.3,1938-01-01,2005-12-30,23798
star,KMS19,44.156000000000006,-75.043,441.0,STILLWATER RESERVOIR,USC00308248,43.8859905,-75.0342605,516.0,75.0,30.0,1938-01-13,2005-12-29,881
star,KMS19,44.156000000000006,-75.043,441.0,BIG MOOSE 3 SE,USC00300668,43.80509370000001,-74.8672717,547.4,106.4,41.5,1993-01-27,2005-12-31,114
star,KMS19,44.156000000000006,-75.043,441.0,TUPPER LAKE SUNMOUNT,USC00308631,44.232724076923084,-74.43639915384617,504.7,63.7,49.2,1938-02-14,2004-12-25,43
brant,KMS2,43.714,-73.706,242.0,CORNWALL,USC00431580,43.95655107692308,-73.21300000000002,137.8,-104.2,47.9,1894-01-01,2018-10-22,29663
brant,KMS2,43.714,-73.706,242.0,CONKLINGVILLE,USC00301708,43.318119399999986,-73.93023460000002,245.5,3.5,47.6,1948-07-11,2020-12-31,14352
brant,KMS2,43.714,-73.706,242.0,NORTH CREEK SE,USC00305925,43.68555466666667,-73.94938106666667,295.4,53.4,19.9,1907-11-20,1915-04-12,723
brant,KMS2,43.714,-73.706,242.0,SOUTH SCHROON,USC00308036,43.791664999999995,-73.8,336.2,94.2,11.5,1901-04-01,1964-10-10,320
brant,KMS2,43.714,-73.706,242.0,SCHROON LAKE,USC00307524,43.84073922222222,-73.75555633333335,259.7,17.7,14.6,1946-11-27,1967-02-22,109
brant,KMS2,43.714,-73.706,242.0,SCHROON LAKE NEW YORK,USR0000NSCH,43.8,-73.7,249.9,7.9,9.6,2003-12-17,2009-09-25,55
brant,KMS2,43.714,-73.706,242.0,GLENS FALLS FARM,USC00303284,43.331110374999994,-73.71948537499999,153.5,-88.5,42.6,1964-11-26,2004-02-13,54
cranberry,KMS24,44.167,-74.819,452.0,WANAKENA RANGER SCHOOL,USC00308944,44.1477393,-74.9017827,459.9,7.9,7.0,1970-01-01,2005-12-30,12239
cranberry,KMS24,44.167,-74.819,452.0,TUPPER LAKE SUNMOUNT,USC00308631,44.232724076923084,-74.43639915384617,504.7,52.7,31.4,1970-08-20,2005-12-31,824
cranberry,KMS24,44.167,-74.819,452.0,STILLWATER RESERVOIR,USC00308248,43.8859905,-75.0342605,516.0,64.0,35.7,1979-12-15,2004-03-15,79
cranberry,KMS24,44.167,-74.819,452.0,BIG MOOSE 3 SE,USC00300668,43.80509370000001,-74.8672717,547.4,95.4,40.4,1999-09-05,2004-02-29,6
deep,KMS25,43.03,-77.57,194.0,SODUS CENTER,USC00307842,43.22073430769231,-77.04761646153847,129.8,-64.2,47.5,1970-01-01,2005-12-31,12672
deep,KMS25,43.03,-77.57,194.0,ROCHESTER AIRPORT,USW00014768,43.122799640000004,-77.66076624000002,165.3,-28.7,12.7,1970-03-03,2005-12-14,477
mohansic,KMS27,41.276,-73.808,139.0,YORKTOWN HEIGHTS 1 W,USC00309670,41.266591428571424,-73.79928571428572,204.2,65.2,1.3,1970-01-01,2005-12-31,13015
mohansic,KMS27,41.276,-73.808,139.0,WEST POINT,USC00309292,41.38616472727272,-73.96408890909092,80.1,-58.9,17.9,1978-03-07,2005-09-23,97
mohansic,KMS27,41.276,-73.808,139.0,GARNERVILLE,USC00303152,41.21667,-74.0,56.7,-82.3,17.4,1983-08-07,1989-01-23,25
mohansic,KMS27,41.276,-73.808,139.0,WHITE PLAINS AIRPORT,USW00094745,41.06600368421053,-73.71428631578947,119.6,-19.4,24.6,1982-01-24,2005-02-21,6
mohansic,KMS27,41.276,-73.808,139.0,BEDFORD HILLS,USC00300511,41.233331,-73.716669,130.6,-8.4,9.0,1971-12-30,1973-09-25,4
mohansic,KMS27,41.276,-73.808,139.0,MARYKNOLL,USC00305110,41.18333,-73.83333,177.1,38.1,10.5,1977-09-24,1977-09-24,1
mohansic,KMS27,41.276,-73.808,139.0,STAMFORD 5 N,USC00067970,41.12840142857142,-73.54857142857144,57.9,-81.1,27.2,2001-03-28,2001-03-28,1
genegantslet,KMS5,42.516000000000005,-75.775,452.0,MORRISVILLE 6 SW,USC00305512,42.87636874999998,-75.6682641666667,411.5,-40.5,41.0,1941-01-02,2005-12-31,18436
genegantslet,KMS5,42.516000000000005,-75.775,452.0,BINGHAMTON WSO AP,USW00004725,42.212446333333354,-75.98208200000002,486.3,34.3,37.8,1951-12-17,2005-12-09,5183
genegantslet,KMS5,42.516000000000005,-75.775,452.0,HAMILTON,USC00303602,42.81666775000001,-75.54166574999999,355.7,-96.3,38.5,1941-01-01,1951-02-12,86
genegantslet,KMS5,42.516000000000005,-75.775,452.0,WHITNEY POINT 5 E,USC00309439,42.33333,-75.86667,454.2,2.2,21.6,1976-06-01,1976-06-03,3
genegantslet,KMS5,42.516000000000005,-75.775,452.0,CAZENOVIA,USC00301272,42.92777816666666,-75.858334,380.0,-72.0,46.2,1948-06-28,1948-06-28,1
loon,KMS6,42.493,-77.568,518.0,ALFRED,USC00300085,42.25482681818182,-77.77786236363634,539.5,21.5,31.6,1913-01-01,2005-12-31,32305
loon,KMS6,42.493,-77.568,518.0,GANNETT HILL,USC00303124,42.7,-77.4,600.1,82.1,26.8,1972-11-19,1998-04-29,945
loon,KMS6,42.493,-77.568,518.0,ANGELICA,USC00300183,42.302425384615375,-78.02059649999998,436.8,-81.2,42.9,1913-11-10,2005-12-26,714
loon,KMS6,42.493,-77.568,518.0,ANDOVER,USC00300175,42.15,-77.8,509.0,-9.0,42.6,1931-02-14,1940-02-25,3
oneida,LR1,43.21,-75.905,112.0,SYRACUSE MUNI AP,USW00014771,43.09846235294117,-76.12504000000001,128.1,16.1,21.8,1938-05-01,2019-12-31,28224
oneida,LR1,43.21,-75.905,112.0,BALDWINSVILLE,USC00300379,43.14999999999999,-76.333327,116.2,4.2,35.5,1893-01-01,1996-01-06,7813
oneida,LR1,43.21,-75.905,112.0,FAYETTEVILLE,USC00302780,43.033333,-76.016667,161.5,49.5,21.6,1901-07-08,1920-11-30,4233
oneida,LR1,43.21,-75.905,112.0,UTICA CAA AP,USW00014774,43.16667,-75.31667,162.0,50.0,48.1,1945-11-01,1950-11-24,1604
oneida,LR1,43.21,-75.905,112.0,PALERMO,USC00306375,43.4166665,-76.2833335,136.2,24.2,38.3,1893-01-02,1913-08-18,111
oneida,LR1,43.21,-75.905,112.0,GRIFFISS AAF,USW00014717,43.23333000000002,-75.40909272727272,151.0,39.0,40.4,1894-06-17,1918-11-30,20
oneida,LR1,43.21,-75.905,112.0,CAMDEN 2 NW,USC00301110,43.3413223,-75.78637499999999,165.4,53.4,17.5,1976-02-01,1976-02-01,1
cazenovia,LR2,42.951,-75.87100000000001,364.0,CORTLAND,USC00301799,42.6066666,-76.18333120000001,343.8,-20.2,46.0,1895-07-13,2000-12-31,36962
cazenovia,LR2,42.951,-75.87100000000001,364.0,MORRISVILLE 6 SW,USC00305512,42.87636874999998,-75.6682641666667,411.5,47.5,18.5,1911-09-01,2019-12-31,6648
cazenovia,LR2,42.951,-75.87100000000001,364.0,SHERBURNE 2 S,USC00307705,42.668345095238095,-75.49921428571427,331.8,-32.2,43.7,1992-01-06,2019-03-31,1178
cazenovia,LR2,42.951,-75.87100000000001,364.0,BROOKFIELD,USC00300957,42.8,-75.333333,396.2,32.2,47.0,1893-01-01,1896-03-27,890
cazenovia,LR2,42.951,-75.87100000000001,364.0,BOUCKVILLE,USC00300795,42.833333,-75.583333,411.5,47.5,26.9,1897-12-03,1903-08-14,364
cazenovia,LR2,42.951,-75.87100000000001,364.0,DERUYTER 4 N,USC00302079,42.783334499999995,-75.88888783333333,401.4,37.4,18.7,1903-01-01,1924-12-30,144
cazenovia,LR2,42.951,-75.87100000000001,364.0,CAZENOVIA,USC00301272,42.92777816666666,-75.858334,380.0,16.0,2.8,1915-09-26,1951-08-01,67
cazenovia,LR2,42.951,-75.87100000000001,364.0,TULLY 4 NE,USC00308625,42.83333,-76.03333,396.4,32.4,18.6,1980-05-19,1994-09-23,52
cazenovia,LR2,42.951,-75.87100000000001,364.0,HAMILTON,USC00303602,42.81666775000001,-75.54166574999999,355.7,-8.3,30.8,1894-09-20,1960-06-05,37
cazenovia,LR2,42.951,-75.87100000000001,364.0,SHERBURNE NEW YORK,USR0000NSHR,42.7,-75.5,335.3,-28.7,41.2,2004-08-11,2004-08-30,4
cazenovia,LR2,42.951,-75.87100000000001,364.0,HOMER,USC00303938,42.633333,-76.2,342.9,-21.1,44.4,1901-08-02,1901-08-02,1
gull,MICH03,42.399,-85.411,267.0,HASTINGS,USC00203661,42.64406438888888,-85.2905466111111,244.3,-22.7,29.0,1924-01-01,2019-12-31,34313
gull,MICH03,42.399,-85.411,267.0,GULL LAKE BIOLOGICAL STATION,USC00203504,42.397276923076916,-85.38538330769231,282.5,15.5,2.1,1929-07-01,2016-05-29,621
gull,MICH03,42.399,-85.411,267.0,KALAMAZOO STATE HOSPITAL,USC00204244,42.28332999999999,-85.60000000000001,282.3,15.3,20.2,1924-03-29,1929-02-05,108
gull,MICH03,42.399,-85.411,267.0,BATTLE CREEK 5 NW,USC00200552,42.329835384615386,-85.23360846153848,277.2,10.2,16.5,1969-10-22,2016-05-30,18
gull,MICH03,42.399,-85.411,267.0,BATTLE CREEK KELLOGG AP,USW00014815,42.3075,-85.25111,282.9,15.9,16.6,2005-06-04,2005-10-26,3
gull,MICH03,42.399,-85.411,267.0,KALAMAZOO,USC00204239,42.300000000000004,-85.57500233333333,238.9,-28.1,17.4,1934-07-26,1934-07-26,1
fair,MICH06,42.485,-85.33200000000001,278.0,GULL LAKE BIOLOGICAL STATION,USC00203504,42.397276923076916,-85.38538330769231,282.5,4.5,10.7,1955-01-01,2019-12-24,21323
fair,MICH06,42.485,-85.33200000000001,278.0,BATTLE CREEK 5 NW,USC00200552,42.329835384615386,-85.23360846153848,277.2,-0.8,19.0,1955-02-07,2019-12-31,1963
fair,MICH06,42.485,-85.33200000000001,278.0,HASTINGS,USC00203661,42.64406438888888,-85.2905466111111,244.3,-33.7,18.0,1995-12-26,2015-12-19,452
fair,MICH06,42.485,-85.33200000000001,278.0,BATTLE CREEK KELLOGG AP,USW00014815,42.3075,-85.25111,282.9,4.9,20.8,2005-06-04,2005-10-26,3
minnetonka,MINN12,44.91,-93.653,280.0,MINNEAPOLIS WSFO AP,USW00014922,44.899911100000004,-93.22594800000003,257.9,-22.1,33.7,1938-04-09,2020-12-31,30217
minnetonka,MINN12,44.91,-93.653,280.0,CHASKA,USC00215136,45.011112999999995,-93.64999999999999,307.0,27.0,11.2,1893-01-04,1939-05-22,13471
minnetonka,MINN12,44.91,-93.653,280.0,GLENCOE,USC00213169,44.75,-94.13333,306.6,26.6,41.9,1897-11-25,1920-09-27,1287
minnetonka,MINN12,44.91,-93.653,280.0,CRYSTAL BAY,USC00211935,44.93333,-93.58333,289.3,9.3,6.1,1915-06-18,1920-07-31,844
minnetonka,MINN12,44.91,-93.653,280.0,SHAKOPEE,USC00217573,44.76667,-93.5,227.1,-52.9,20.0,1898-05-26,1909-05-31,525
minnetonka,MINN12,44.91,-93.653,280.0,CHASKA,USC00211465,44.800000000000004,-93.58332571428572,220.5,-59.5,13.4,1925-06-22,1938-01-28,237
minnetonka,MINN12,44.91,-93.653,280.0,FARMINGTON 3NW,USC00212737,44.6672237,-93.17986930000002,298.1,18.1,46.1,1909-09-26,1932-06-26,82
minnetonka,MINN12,44.91,-93.653,280.0,MINNEAPOLIS #1,USC00215424,44.975,-93.3166665,257.4,-22.6,27.5,1893-01-01,1901-03-31,55
minnetonka,MINN12,44.91,-93.653,280.0,ST. PAUL UNIVERSITY FARM,USC00217381,44.99444433333334,-93.19444566666668,264.6,-15.4,37.4,1916-10-26,1923-08-17,31
detroit,MINN2,46.783,-95.933,412.0,DETROIT LAKES 1NNE,USC00212142,46.83151877777779,-95.8408,417.3,5.3,8.9,1895-12-01,2020-06-08,42096
detroit,MINN2,46.783,-95.933,412.0,TAMARAC WILDLIFE REF,USC00218191,46.96256999999999,-95.65871299999999,454.3,42.3,28.9,1978-09-07,2002-11-03,1279
detroit,MINN2,46.783,-95.933,412.0,DETROIT LAKES MINNESOTA,USR0000MDET,46.8489,-95.8464,422.1,10.1,9.9,2002-11-10,2020-12-31,1036
detroit,MINN2,46.783,-95.933,412.0,ROTHSAY,USC00217149,46.481680000000004,-96.27637916666667,369.9,-42.1,42.6,1959-08-16,2002-10-29,638
detroit,MINN2,46.783,-95.933,412.0,HAWLEY 6 SE,USC00213587,46.856247499999995,-96.27500125,365.3,-46.7,27.3,1962-06-05,1987-02-13,365
detroit,MINN2,46.783,-95.933,412.0,OTTERTAIL,USC00216276,46.41769666666667,-95.56329116666667,398.8,-13.2,49.5,1961-07-09,2002-06-12,35
detroit,MINN2,46.783,-95.933,412.0,DETROIT LAKES 12E,USC00212146,46.857364,-95.606032,469.1,57.1,26.3,2010-09-15,2010-09-15,1
bemidji,MINN31,47.50506,-94.84514,405.0,CASS LAKE,USC00211374,47.38395299999999,-94.62337550000001,398.4,-6.6,21.5,1949-01-04,2017-12-31,23529
bemidji,MINN31,47.50506,-94.84514,405.0,BEMIDJI MUNICIPAL AP,USC00210643,47.49784592307692,-94.89632346153847,419.2,14.2,3.9,1931-01-02,2003-10-17,7720
bemidji,MINN31,47.50506,-94.84514,405.0,ITASCA U OF MN,USC00214106,47.22002400000001,-95.19707000000002,455.3,50.3,41.4,1931-01-01,2001-04-28,326
bemidji,MINN31,47.50506,-94.84514,405.0,BLACKDUCK,USC00210809,47.68281857142857,-94.51722142857145,416.3,11.3,31.6,1990-11-26,2003-01-11,74
bemidji,MINN31,47.50506,-94.84514,405.0,BLACK DUCK RANGER STATION,USC00210803,47.727778666666666,-94.56666799999999,426.8,21.8,32.4,1936-05-23,1949-01-22,64
bemidji,MINN31,47.50506,-94.84514,405.0,BEMIDJI MINNESOTA,USR0000MBEM,47.5033,-94.9281,419.7,14.7,6.3,2003-09-01,2017-09-30,56
bemidji,MINN31,47.50506,-94.84514,405.0,RED LAKE INDIAN AGENCY,USC00216795,47.87356,-95.00539691666667,369.8,-35.2,42.7,1949-12-12,1998-11-07,2
bemidji,MINN31,47.50506,-94.84514,405.0,CASS LAKE MINNESOTA,USR0000MCLK,47.3778,-94.615,396.2,-8.8,22.4,2007-07-02,2007-07-02,1
green,MINN34,45.25231,-94.90525,349.0,NEW LONDON,USC00215842,45.301904,-94.935258,376.1,27.1,6.0,1896-01-01,2009-07-27,38924
green,MINN34,45.25231,-94.90525,349.0,WILLMAR,USC00219004,45.132554600000006,-95.0197224,342.5,-6.5,16.1,1896-01-07,2010-03-05,2620
green,MINN34,45.25231,-94.90525,349.0,WILLMAR 2N,USC00219001,45.172575,-95.05038,357.4,8.4,14.4,2010-11-01,2016-12-31,2188
green,MINN34,45.25231,-94.90525,349.0,NEW LONDON SPICER,USC00215845,45.25957,-94.945965,364.8,15.8,3.3,2009-10-01,2010-10-31,377
green,MINN34,45.25231,-94.90525,349.0,LITCHFIELD,USC00214778,45.12897992857142,-94.52510642857142,344.3,-4.7,32.9,1951-09-19,2015-06-25,76
green,MINN34,45.25231,-94.90525,349.0,WILLMAR,USW00014928,45.11667,-95.08333,347.1,-1.9,20.6,1948-10-16,1950-09-16,7
shagawa,MINN38,47.91535,-91.88294,404.0,TOWER 3S,USC00218311,47.775531666666666,-92.29009275,436.5,32.5,34.2,1964-01-01,2017-12-31,18494
shagawa,MINN38,47.91535,-91.88294,404.0,ELY RADIO WELY,USC00212543,47.913893333333334,-91.86138333333334,426.6,22.6,1.6,1997-11-25,2010-03-31,541
shagawa,MINN38,47.91535,-91.88294,404.0,ELY MINNESOTA,USR0000MELY,47.8833,-91.8667,443.5,39.5,3.8,2009-12-21,2016-12-08,370
shagawa,MINN38,47.91535,-91.88294,404.0,WINTON POWER PLANT,USC00219101,47.9333312,-91.7733354,411.2,7.2,8.4,1964-02-06,1995-06-08,222
shagawa,MINN38,47.91535,-91.88294,404.0,TOWER DNR,USC00218307,47.80044999999999,-92.27762,434.3,30.3,32.2,1994-11-11,1997-06-23,64
shagawa,MINN38,47.91535,-91.88294,404.0,EMBARRASS,USC00212576,47.65702666666666,-92.20162333333333,428.0,24.0,37.4,1994-12-11,1997-10-17,30
shagawa,MINN38,47.91535,-91.88294,404.0,BABBITT 2SE,USC00210390,47.683330749999996,-91.91666925,513.0,109.0,25.9,1982-05-20,1985-02-28,2
waconia,MINN4,44.86869,-93.78393,289.0,MINNEAPOLIS WSFO AP,USW00014922,44.899911100000004,-93.22594800000003,257.9,-31.1,44.2,1939-01-01,2017-12-31,28854
waconia,MINN4,44.86869,-93.78393,289.0,CHASKA,USC00211465,44.800000000000004,-93.58332571428572,220.5,-68.5,17.6,1939-05-22,1939-05-22,1
gull,MINN6,46.44616,-94.35105,360.0,GULL LAKE DAM,USC00213411,46.41491790909092,-94.35385727272728,370.9,10.9,3.5,1949-01-01,2017-12-29,24211
gull,MINN6,46.44616,-94.35105,360.0,BRAINERD RS,USC00210939,46.3572810625,-94.19336037500001,366.7,6.7,15.6,1955-06-02,2017-12-31,945
gull,MINN6,46.44616,-94.35105,360.0,PINE RIVER DAM,USC00216547,46.670830928571434,-94.11500335714285,381.0,21.0,30.8,1957-07-09,1996-06-28,22
gull,MINN6,46.44616,-94.35105,360.0,BRAINERD,USC00210934,46.3666685,-94.18333150000001,371.1,11.1,15.6,1949-06-24,1954-07-13,9
gull,MINN6,46.44616,-94.35105,360.0,BRAINERD CROW WING COUNTY AP,USW00094938,46.400943999999996,-94.13283000000001,373.3,13.3,17.5,2006-11-29,2017-10-29,9
gull,MINN6,46.44616,-94.35105,360.0,RIVERTON,USC00216972,46.46666957142857,-94.04999999999998,356.5,-3.5,23.2,1968-12-25,1969-12-28,2
gull,MINN6,46.44616,-94.35105,360.0,BRAINERD MINNESOTA,USR0000MBRN,46.4006,-94.1272,371.9,11.9,17.9,2017-10-21,2017-10-22,2
gull,MINN6,46.44616,-94.35105,360.0,LITTLE FALLS 1N,USC00214793,45.98436613043479,-94.35357434782605,341.9,-18.1,51.3,1984-10-19,1984-10-19,1
gull,MINN6,46.44616,-94.35105,360.0,DEEP PORTAGE,USC00212050,46.88785,-94.37089599999999,448.4,88.4,49.1,1985-03-04,1985-03-04,1
alexander,xKB0014,46.20749,-94.54179,386.0,BRAINERD RS,USC00210939,46.3572810625,-94.19336037500001,366.7,-19.3,31.6,1955-05-01,2017-12-31,20747
alexander,xKB0014,46.20749,-94.54179,386.0,GULL LAKE DAM,USC00213411,46.41491790909092,-94.35385727272728,370.9,-15.1,27.2,1955-01-01,2017-10-31,2227
alexander,xKB0014,46.20749,-94.54179,386.0,LITTLE FALLS 1N,USC00214793,45.98436613043479,-94.35357434782605,341.9,-44.1,28.8,1957-07-09,2009-10-31,31
alexander,xKB0014,46.20749,-94.54179,386.0,LITTLE FALLS MINNESOTA,USR0000MLTF,45.9514,-94.3444,350.5,-35.5,32.3,2009-07-28,2017-10-29,6
alimagnet,xKB0019,44.74717,-93.24942,292.0,FARMINGTON 3NW,USC00212737,44.6672237,-93.17986930000002,298.1,6.1,10.5,1968-01-01,2010-10-14,15074
alimagnet,xKB0019,44.74717,-93.24942,292.0,ROSEMOUNT AGRI EXP STA,USC00217107,44.71497266666667,-93.10092913333334,289.5,-2.5,12.3,1968-03-03,2015-12-31,2296
alimagnet,xKB0019,44.74717,-93.24942,292.0,MINNEAPOLIS WSFO AP,USW00014922,44.899911100000004,-93.22594800000003,257.9,-34.1,17.1,1983-12-03,2015-03-06,162
bad_medicine,xKB0051,47.127590000000005,-95.39562,487.0,ITASCA U OF MN,USC00214106,47.22002400000001,-95.19707000000002,455.3,-31.7,18.2,1973-01-01,2015-12-31,15169
bad_medicine,xKB0051,47.127590000000005,-95.39562,487.0,ITASCA MINNESOTA,USR0000MITA,47.24,-95.19,451.1,-35.9,20.0,2003-05-22,2015-11-06,280
bad_medicine,xKB0051,47.127590000000005,-95.39562,487.0,TAMARAC WILDLIFE REF,USC00218191,46.96256999999999,-95.65871299999999,454.3,-32.7,27.1,1978-09-08,2003-02-14,170
bad_medicine,xKB0051,47.127590000000005,-95.39562,487.0,PARK RAPIDS MUNICIPAL AP,USW00094967,46.90031999999999,-95.06730428571427,437.9,-49.1,35.5,1973-02-04,2002-04-28,83
bad_medicine,xKB0051,47.127590000000005,-95.39562,487.0,DETROIT LAKES 1NNE,USC00212142,46.83151877777779,-95.8408,417.3,-69.7,47.2,1986-04-14,1989-12-02,3
big_watab,xKB0162,45.55263,-94.45134,359.0,COLLEGEVILLE ST JOHN,USC00211691,45.58325166666666,-94.39950333333333,373.1,14.1,5.3,1976-01-02,2015-12-31,14517
big_watab,xKB0162,45.55263,-94.45134,359.0,ST CLOUD WHITNEY MEMORIAL AP,USW00014926,45.554738900000004,-94.10331075000002,315.0,-44.0,27.2,1976-01-01,2013-01-18,93
calhoun,xKB0230,44.94186,-93.31181,255.0,MINNEAPOLIS WSFO AP,USW00014922,44.899911100000004,-93.22594800000003,257.9,2.9,8.2,1945-01-01,2017-12-31,26663
cedar,xKB0263,44.29469,-93.42915,322.0,FARIBAULT R S KDHL,USC00212721,44.301106250000004,-93.27277162499999,302.9,-19.1,12.5,1969-01-01,2011-06-27,15049
cedar,xKB0263,44.29469,-93.42915,322.0,WASECA EXP STA,USC00218692,44.06912669230769,-93.52288976923076,351.3,29.3,26.2,1969-02-09,2017-12-31,2845
cedar,xKB0263,44.29469,-93.42915,322.0,OWATONNA,USC00216287,44.09866000000001,-93.23216500000002,349.9,27.9,26.9,1990-02-18,2015-01-05,3
cedar_island,xKB0269,45.08398,-93.44098,273.0,MINNEAPOLIS WSFO AP,USW00014922,44.899911100000004,-93.22594800000003,257.9,-15.1,26.6,1970-01-01,2012-12-31,15706
crow_wing,xKB0364,46.23584,-94.33798,353.0,BRAINERD RS,USC00210939,46.3572810625,-94.19336037500001,366.7,13.7,17.5,1967-01-03,2017-12-31,16932
crow_wing,xKB0364,46.23584,-94.33798,353.0,GULL LAKE DAM,USC00213411,46.41491790909092,-94.35385727272728,370.9,17.9,19.9,1967-01-01,2017-10-31,1662
crow_wing,xKB0364,46.23584,-94.33798,353.0,LITTLE FALLS 1N,USC00214793,45.98436613043479,-94.35357434782605,341.9,-11.1,28.0,1967-07-01,1996-06-28,23
crow_wing,xKB0364,46.23584,-94.33798,353.0,BRAINERD CROW WING COUNTY AP,USW00094938,46.400943999999996,-94.13283000000001,373.3,20.3,24.2,2006-11-29,2017-10-29,9
crow_wing,xKB0364,46.23584,-94.33798,353.0,BRAINERD MINNESOTA,USR0000MBRN,46.4006,-94.1272,371.9,18.9,24.5,2017-10-21,2017-10-22,2
ely,xKB0499,47.45062,-92.48107,417.0,TOWER 3S,USC00218311,47.775531666666666,-92.29009275,436.5,19.5,38.9,1965-01-01,2015-12-31,17415
ely,xKB0499,47.45062,-92.48107,417.0,EVELETH WASTE WATER PL,USC00212645,47.486027666666665,-92.56565333333333,447.0,30.0,7.5,1986-11-03,2014-11-28,1103
ely,xKB0499,47.45062,-92.48107,417.0,EVELETH WASTE WATER PL,USC00218543,47.52592466666667,-92.55185066666665,445.0,28.0,9.9,1965-05-18,1987-01-26,58
ely,xKB0499,47.45062,-92.48107,417.0,HIBBING CHISHOLM HIBBING AP,USW00094931,47.39416714285715,-92.86904714285713,411.3,-5.7,29.9,1977-11-25,1997-05-12,30
ely,xKB0499,47.45062,-92.48107,417.0,HIBBING MINNESOTA,USR0000MHIB,47.3919,-92.8347,411.5,-5.5,27.5,2007-09-12,2010-12-01,16
ely,xKB0499,47.45062,-92.48107,417.0,EMBARRASS,USC00212576,47.65702666666666,-92.20162333333333,428.0,11.0,31.1,1996-01-21,2000-07-23,5
floyd,xKB0555,46.86779,-95.85862,411.0,DETROIT LAKES 1NNE,USC00212142,46.83151877777779,-95.8408,417.3,6.3,4.3,1967-01-01,2017-12-31,16102
floyd,xKB0555,46.86779,-95.85862,411.0,TAMARAC WILDLIFE REF,USC00218191,46.96256999999999,-95.65871299999999,454.3,43.3,18.5,1977-07-24,2010-09-15,1444
floyd,xKB0555,46.86779,-95.85862,411.0,DETROIT LAKES MINNESOTA,USR0000MDET,46.8489,-95.8464,422.1,11.1,2.3,2002-11-10,2017-11-15,829
floyd,xKB0555,46.86779,-95.85862,411.0,HAWLEY 6 SE,USC00213587,46.856247499999995,-96.27500125,365.3,-45.7,31.8,1967-04-20,1987-02-13,40
forest,xKB0559,45.27355,-92.94871,271.0,CAMBRIDGE,USC00211227,45.56108130769231,-93.20194176923079,293.7,22.7,37.6,1970-01-01,2016-02-29,14482
forest,xKB0559,45.27355,-92.94871,271.0,FOREST LAKE 5NE,USC00212881,45.301759999999994,-92.93243461538462,279.6,8.6,3.4,1970-08-28,2017-12-31,3021
forest,xKB0559,45.27355,-92.94871,271.0,STILLWATER 1 SE,USC00218037,45.078922941176465,-92.78387117647057,210.6,-60.4,25.2,1983-06-10,1987-06-20,25
forest,xKB0559,45.27355,-92.94871,271.0,CARLOS AVERY MINNESOTA,USR0000MCSA,45.3028,-93.1011,274.3,3.3,12.4,2004-01-11,2017-06-12,3
forest,xKB0559,45.27355,-92.94871,271.0,CEDAR,USC00211390,45.31746142857143,-93.29118857142858,264.3,-6.7,27.3,1986-01-09,1986-01-09,1
fox,xKB0565,46.7805,-95.90883,407.0,DETROIT LAKES 1NNE,USC00212142,46.83151877777779,-95.8408,417.3,10.3,7.7,1982-01-01,2016-12-31,10116
fox,xKB0565,46.7805,-95.90883,407.0,TAMARAC WILDLIFE REF,USC00218191,46.96256999999999,-95.65871299999999,454.3,47.3,27.8,1982-01-19,2002-11-03,1276
fox,xKB0565,46.7805,-95.90883,407.0,DETROIT LAKES MINNESOTA,USR0000MDET,46.8489,-95.8464,422.1,15.1,9.0,2002-11-10,2016-11-18,827
fox,xKB0565,46.7805,-95.90883,407.0,ROTHSAY,USC00217149,46.481680000000004,-96.27637916666667,369.9,-37.1,43.5,1982-12-02,2002-10-29,449
fox,xKB0565,46.7805,-95.90883,407.0,HAWLEY 6 SE,USC00213587,46.856247499999995,-96.27500125,365.3,-41.7,29.2,1982-01-27,1987-02-13,83
fox,xKB0565,46.7805,-95.90883,407.0,OTTERTAIL,USC00216276,46.41769666666667,-95.56329116666667,398.8,-8.2,48.2,1988-01-31,2002-06-12,32
fox,xKB0565,46.7805,-95.90883,407.0,DETROIT LAKES 12E,USC00212146,46.857364,-95.606032,469.1,62.1,24.6,2010-09-15,2010-09-15,1
harriet,xKB0677,44.92185,-93.30496,254.0,MINNEAPOLIS WSFO AP,USW00014922,44.899911100000004,-93.22594800000003,257.9,3.9,6.7,1958-01-01,2017-12-31,21915
howard,xKB0728,45.07234,-94.06934,302.0,LITCHFIELD,USC00214778,45.12897992857142,-94.52510642857142,344.3,42.3,36.4,1949-01-01,2012-12-31,22741
howard,xKB0728,45.07234,-94.06934,302.0,BUFFALO,USC00211107,45.17992535,-93.87024014999999,301.9,-0.1,19.7,1959-04-05,2007-01-29,468
howard,xKB0728,45.07234,-94.06934,302.0,CHASKA,USC00215136,45.011112999999995,-93.64999999999999,307.0,5.0,33.7,1949-04-23,1957-06-30,105
howard,xKB0728,45.07234,-94.06934,302.0,DASSEL,USC00212023,45.07732428571428,-94.29916857142857,332.5,30.5,18.1,2007-02-13,2012-08-21,34
howard,xKB0728,45.07234,-94.06934,302.0,HUTCHINSON 1 N,USC00213962,44.89528725,-94.3918675,331.9,29.9,32.2,1957-10-28,2005-07-20,18
howard,xKB0728,45.07234,-94.06934,302.0,DELANO,USC00212088,45.04566499999999,-93.78858166666669,284.5,-17.5,22.3,1991-03-08,2005-07-19,7
howard,xKB0728,45.07234,-94.06934,302.0,CHASKA,USC00211465,44.800000000000004,-93.58332571428572,220.5,-81.5,48.9,1956-07-28,1956-07-28,1
howard,xKB0728,45.07234,-94.06934,302.0,STEWART 6 SSW,USC00218025,44.69933200000001,-94.49336100000001,317.0,15.0,53.3,2002-03-03,2002-03-03,1
howard,xKB0728,45.07234,-94.06934,302.0,BROWNTON WWTP,USC00211065,44.73376285714285,-94.34125714285715,317.0,15.0,43.3,2004-02-01,2004-02-01,1
jessie,xKB0798,47.58491,-93.82024,401.0,WINNIBIGOSHISH DAM,USC00219059,47.43241383333333,-94.05286833333332,401.2,0.2,24.4,1939-01-01,1995-09-05,19288
jessie,xKB0798,47.58491,-93.82024,401.0,MARCELL RANGER STN,USC00215175,47.64451714285715,-93.66015428571427,417.7,16.7,13.7,1982-01-06,2006-05-31,4896
jessie,xKB0798,47.58491,-93.82024,401.0,EFFIE MINNESOTA,USR0000MEFF,47.7794,-93.6461,408.4,7.4,25.3,2003-11-27,2015-12-31,3509
jessie,xKB0798,47.58491,-93.82024,401.0,POKEGAMA DAM,USC00216612,47.25013583333333,-93.58379300000001,390.1,-10.9,41.3,1940-02-11,2003-01-28,260
jessie,xKB0798,47.58491,-93.82024,401.0,GRAND RAPIDS,USC00213303,47.241245,-93.49875000000002,399.4,-1.6,45.3,1974-07-08,2002-03-16,113
jessie,xKB0798,47.58491,-93.82024,401.0,BIGFORK 5 ESE,USC00210754,47.73846115384616,-93.6500003846154,442.1,41.1,21.3,1960-02-08,1979-05-07,58
lake_of_the_isles,xKB0872,44.95538,-93.30705,257.0,MINNEAPOLIS WSFO AP,USW00014922,44.899911100000004,-93.22594800000003,257.9,0.9,8.9,1938-04-09,2016-12-31,28756
lake_of_the_isles,xKB0872,44.95538,-93.30705,257.0,CHASKA,USC00215136,45.011112999999995,-93.64999999999999,307.0,50.0,27.7,1911-01-01,1937-04-29,5898
lake_of_the_isles,xKB0872,44.95538,-93.30705,257.0,ST. PAUL UNIVERSITY FARM,USC00217381,44.99444433333334,-93.19444566666668,264.6,7.6,9.9,1916-08-01,1923-10-30,1967
lake_of_the_isles,xKB0872,44.95538,-93.30705,257.0,FARMINGTON 3NW,USC00212737,44.6672237,-93.17986930000002,298.1,41.1,33.6,1911-03-01,1932-06-26,948
lake_of_the_isles,xKB0872,44.95538,-93.30705,257.0,ST PAUL DOWNTOWN AP,USW00014927,44.932709230769234,-93.06185923076924,215.0,-42.0,19.5,1937-01-15,1939-05-22,445
lake_of_the_isles,xKB0872,44.95538,-93.30705,257.0,CRYSTAL BAY,USC00211935,44.93333,-93.58333,289.3,32.3,21.9,1915-06-18,1920-07-31,437
lake_of_the_isles,xKB0872,44.95538,-93.30705,257.0,CHASKA,USC00211465,44.800000000000004,-93.58332571428572,220.5,-36.5,27.8,1925-06-22,1937-05-05,230
lake_of_the_isles,xKB0872,44.95538,-93.30705,257.0,CENTERVILLE LAKE,USC00211417,45.166667,-93.066667,270.7,13.7,30.2,1920-05-21,1925-02-12,26
little_mcdonald,xKB0937,46.61037,-95.70544,410.0,OTTERTAIL,USC00216276,46.41769666666667,-95.56329116666667,398.8,-11.2,24.0,1976-01-01,2017-12-31,12509
little_mcdonald,xKB0937,46.61037,-95.70544,410.0,DETROIT LAKES 1NNE,USC00212142,46.83151877777779,-95.8408,417.3,7.3,26.7,1976-05-18,2017-10-01,2289
little_mcdonald,xKB0937,46.61037,-95.70544,410.0,NEW YORK MILLS,USC00215902,46.515739999999994,-95.38216,422.9,12.9,26.9,2005-04-10,2013-05-25,284
little_mcdonald,xKB0937,46.61037,-95.70544,410.0,DETROIT LAKES MINNESOTA,USR0000MDET,46.8489,-95.8464,422.1,12.1,28.6,2003-01-09,2009-02-25,221
little_mcdonald,xKB0937,46.61037,-95.70544,410.0,WADENA 3 S,USC00218579,46.416616999999995,-95.157271,413.0,3.0,47.3,1976-04-20,2004-01-03,34
little_mcdonald,xKB0937,46.61037,-95.70544,410.0,DETROIT LAKES 12E,USC00212146,46.857364,-95.606032,469.1,59.1,28.5,2010-08-14,2011-09-03,4
lone,xKB0980,46.44269,-93.65812,382.0,BRAINERD CROW WING COUNTY AP,USW00094938,46.400943999999996,-94.13283000000001,373.3,-8.7,36.8,1996-07-01,2017-12-31,7794
lone,xKB0980,46.44269,-93.65812,382.0,AITKIN 2S,USC00210059,46.530788523809534,-93.70163352380953,372.1,-9.9,10.3,1976-01-01,2017-10-22,6166
lone,xKB0980,46.44269,-93.65812,382.0,ISLE 8 N,USC00214103,46.30758076923076,-93.51406999999998,393.0,11.0,18.7,1976-01-02,2014-01-13,1051
lone,xKB0980,46.44269,-93.65812,382.0,GARRISON 4 NE,USC00213051,46.331945,-93.76708500000001,368.8,-13.2,14.9,1991-09-17,1996-05-09,156
lone,xKB0980,46.44269,-93.65812,382.0,BRAINERD RS,USC00210939,46.3572810625,-94.19336037500001,366.7,-15.3,42.2,1977-06-18,1995-11-05,155
lone,xKB0980,46.44269,-93.65812,382.0,PINE RIVER DAM,USC00216547,46.670830928571434,-94.11500335714285,381.0,-1.0,43.3,1979-09-30,1983-01-13,15
lone,xKB0980,46.44269,-93.65812,382.0,BRAINERD MINNESOTA,USR0000MBRN,46.4006,-94.1272,371.9,-10.1,36.4,2014-01-10,2014-01-12,3
lone,xKB0980,46.44269,-93.65812,382.0,SANDY LAKE DAM LIBBY,USC00217460,46.798429999999996,-93.31814783333333,376.1,-5.9,47.3,1982-10-30,1982-10-30,1
long,xKB0990,46.81725,-95.89779,411.0,DETROIT LAKES 1NNE,USC00212142,46.83151877777779,-95.8408,417.3,6.3,4.6,1960-01-01,2017-12-31,18082
long,xKB0990,46.81725,-95.89779,411.0,TAMARAC WILDLIFE REF,USC00218191,46.96256999999999,-95.65871299999999,454.3,43.3,24.4,1977-07-24,2002-11-03,1443
long,xKB0990,46.81725,-95.89779,411.0,DETROIT LAKES MINNESOTA,USR0000MDET,46.8489,-95.8464,422.1,11.1,5.3,2002-11-10,2017-11-15,829
long,xKB0990,46.81725,-95.89779,411.0,ROTHSAY,USC00217149,46.481680000000004,-96.27637916666667,369.9,-41.1,47.2,1960-01-20,2002-10-29,627
long,xKB0990,46.81725,-95.89779,411.0,HAWLEY 6 SE,USC00213587,46.856247499999995,-96.27500125,365.3,-45.7,29.1,1962-06-05,1987-02-13,201
long,xKB0990,46.81725,-95.89779,411.0,DETROIT LAKES 12E,USC00212146,46.857364,-95.606032,469.1,58.1,22.7,2010-09-15,2010-09-15,1
maple,xKB1121,45.23229,-93.96562,303.0,BUFFALO,USC00211107,45.17992535,-93.87024014999999,301.9,-1.1,9.5,1969-01-01,2010-01-06,13186
maple,xKB1121,45.23229,-93.96562,303.0,ELK RIVER,USC00212500,45.30284,-93.58394370588236,275.3,-27.7,31.0,2007-03-01,2015-12-31,3174
maple,xKB1121,45.23229,-93.96562,303.0,DELANO,USC00212088,45.04566499999999,-93.78858166666669,284.5,-18.5,25.0,1980-09-14,2015-10-23,489
maple,xKB1121,45.23229,-93.96562,303.0,ST CLOUD WHITNEY MEMORIAL AP,USW00014926,45.554738900000004,-94.10331075000002,315.0,12.0,37.4,1984-03-15,2007-01-08,229
maple,xKB1121,45.23229,-93.96562,303.0,CHASKA,USC00215136,45.011112999999995,-93.64999999999999,307.0,4.0,34.9,1972-02-07,1985-01-21,86
maple,xKB1121,45.23229,-93.96562,303.0,DASSEL,USC00212023,45.07732428571428,-94.29916857142857,332.5,29.5,31.4,2007-02-18,2007-02-18,1
maple,xKB1121,45.23229,-93.96562,303.0,KIMBALL 3N,USC00214373,45.35325199999999,-94.305592,350.8,47.8,29.9,2015-03-23,2015-03-23,1
mary,xKB1139,44.99608,-94.02345,306.0,BUFFALO,USC00211107,45.17992535,-93.87024014999999,301.9,-4.1,23.7,1968-01-01,2007-01-29,7093
mary,xKB1139,44.99608,-94.02345,306.0,DELANO,USC00212088,45.04566499999999,-93.78858166666669,284.5,-21.5,19.3,1977-12-01,2016-10-31,6942
mary,xKB1139,44.99608,-94.02345,306.0,ELK RIVER,USC00212500,45.30284,-93.58394370588236,275.3,-30.7,48.5,2007-03-01,2016-12-31,3537
mary,xKB1139,44.99608,-94.02345,306.0,HUTCHINSON 1 N,USC00213962,44.89528725,-94.3918675,331.9,25.9,31.2,1972-02-07,2007-01-08,305
mary,xKB1139,44.99608,-94.02345,306.0,DASSEL,USC00212023,45.07732428571428,-94.29916857142857,332.5,26.5,23.5,2007-02-16,2015-03-23,8
mary,xKB1139,44.99608,-94.02345,306.0,CHASKA,USC00215136,45.011112999999995,-93.64999999999999,307.0,1.0,29.5,1968-08-25,1972-04-08,4
mary,xKB1139,44.99608,-94.02345,306.0,MOUND,USC00215665,44.95,-93.65,285.0,-21.0,29.9,1992-05-09,1994-01-30,3
mary,xKB1139,44.99608,-94.02345,306.0,CHASKA 2NW,USC00211468,44.81300000000001,-93.63119999999999,281.3,-24.7,37.1,2004-02-01,2005-12-23,3
mary,xKB1139,44.99608,-94.02345,306.0,STEWART 6 SSW,USC00218025,44.69933200000001,-94.49336100000001,317.0,11.0,49.7,2002-03-03,2002-04-06,2
mary,xKB1139,44.99608,-94.02345,306.0,SPRING PARK,USC00217935,44.93464,-93.6275,309.7,3.7,32.0,2005-11-19,2005-11-19,1
medicine,xKB1162,45.0071,-93.42091,266.0,MINNEAPOLIS WSFO AP,USW00014922,44.899911100000004,-93.22594800000003,257.9,-8.1,19.5,1940-01-01,2017-12-31,28490
pallette,xKB1317,46.0665173,-89.6038754,500.0,MINOCQUA DAM,USC00475516,45.88807454545454,-89.7226701818182,485.3,-14.7,21.9,1959-03-07,2019-07-31,9666
pallette,xKB1317,46.0665173,-89.6038754,500.0,RHINELANDER ONEIDA COUNTY AP,USW00004803,45.63234,-89.46374285714286,488.5,-11.5,49.5,1998-05-28,2019-12-31,7866
pallette,xKB1317,46.0665173,-89.6038754,500.0,BIG ST GERMAIN DAM,USC00470786,45.916669625000004,-89.518749625,495.3,-4.7,17.9,1959-01-01,1971-11-30,4603
pallette,xKB1317,46.0665173,-89.6038754,500.0,ST GERMAIN 2 E,USC00477480,45.90785076923076,-89.4496246153846,499.3,-0.7,21.3,1971-12-03,1998-01-01,141
pallette,xKB1317,46.0665173,-89.6038754,500.0,REST LAKE,USC00477092,46.122863833333334,-89.87730966666665,489.9,-10.1,22.1,1961-02-09,1992-02-10,3
pallette,xKB1317,46.0665173,-89.6038754,500.0,RAINBOW RESERVOIR,USC00476939,45.83269037499999,-89.54662537499999,487.7,-12.3,26.4,1982-11-07,1982-11-07,1
pierz,xKB1370,45.96479,-94.14931,336.0,BRAINERD RS,USC00210939,46.3572810625,-94.19336037500001,366.7,30.7,43.8,1948-11-08,2017-12-31,20820
pierz,xKB1370,45.96479,-94.14931,336.0,LITTLE FALLS 1N,USC00214793,45.98436613043479,-94.35357434782605,341.9,5.9,16.0,1940-01-01,2002-11-17,7392
pierz,xKB1370,45.96479,-94.14931,336.0,LITTLE FALLS MINNESOTA,USR0000MLTF,45.9514,-94.3444,350.5,14.5,15.2,2004-05-01,2017-10-31,144
pierz,xKB1370,45.96479,-94.14931,336.0,MILACA,USC00215392,45.770495000000004,-93.65662833333334,330.3,-5.7,43.9,1941-04-27,1984-05-31,128
pierz,xKB1370,45.96479,-94.14931,336.0,ST CLOUD WHITNEY MEMORIAL AP,USW00014926,45.554738900000004,-94.10331075000002,315.0,-21.0,45.7,1944-12-24,2003-02-09,6
portage,xKB1426,46.96618,-95.1219,432.0,ITASCA U OF MN,USC00214106,47.22002400000001,-95.19707000000002,455.3,23.3,28.8,1973-01-01,2017-12-31,15886
portage,xKB1426,46.96618,-95.1219,432.0,PARK RAPIDS MUNICIPAL AP,USW00094967,46.90031999999999,-95.06730428571427,437.9,5.9,8.4,1973-02-04,2017-12-30,543
portage,xKB1426,46.96618,-95.1219,432.0,TAMARAC WILDLIFE REF,USC00218191,46.96256999999999,-95.65871299999999,454.3,22.3,40.9,1987-08-06,2000-03-07,4
portage,xKB1426,46.96618,-95.1219,432.0,ITASCA MINNESOTA,USR0000MITA,47.24,-95.19,451.1,19.1,30.9,2009-03-07,2009-03-08,2
portage,xKB1426,46.96618,-95.1219,432.0,WALKER AH-GWAH-CHING,USC00218618,47.071996333333324,-94.57820699999999,430.4,-1.6,43.0,1989-12-02,1989-12-02,1
sagatagan,xKB1552,45.57283,-94.39061,356.0,COLLEGEVILLE ST JOHN,USC00211691,45.58325166666666,-94.39950333333333,373.1,17.1,1.4,1893-01-01,2016-12-31,41843
sagatagan,xKB1552,45.57283,-94.39061,356.0,ST CLOUD WHITNEY MEMORIAL AP,USW00014926,45.554738900000004,-94.10331075000002,315.0,-41.0,22.5,1941-07-01,2013-01-18,2798
sagatagan,xKB1552,45.57283,-94.39061,356.0,ST CLOUD STATE TEACHERS COLLEGE,USW00054936,45.558335,-94.141665,310.9,-45.1,19.5,1895-04-23,1939-05-27,645
sagatagan,xKB1552,45.57283,-94.39061,356.0,CLEAR LAKE,USC00211561,45.45,-94.0,302.1,-53.9,33.4,1893-01-31,1893-05-19,3
sagatagan,xKB1552,45.57283,-94.39061,356.0,PIERZ,USC00216479,45.966667,-94.1,354.2,-1.8,49.3,1912-11-04,1912-11-04,1
siseebakwet,xKB1640,47.15701,-93.67103,404.0,POKEGAMA DAM,USC00216612,47.25013583333333,-93.58379300000001,390.1,-13.9,12.3,1967-01-01,2015-12-31,14534
siseebakwet,xKB1640,47.15701,-93.67103,404.0,GRAND RAPIDS,USC00213303,47.241245,-93.49875000000002,399.4,-4.6,16.1,1967-02-04,2004-02-23,1785
siseebakwet,xKB1640,47.15701,-93.67103,404.0,HILL CITY MINNESOTA,USR0000MHIL,47.0375,-93.6042,408.4,4.4,14.2,2003-01-06,2014-12-29,1570
siseebakwet,xKB1640,47.15701,-93.67103,404.0,LEECH LAKE DAM,USC00214652,47.24909727272727,-94.21833945454546,396.8,-7.2,42.7,1994-02-12,1996-11-29,5
siseebakwet,xKB1640,47.15701,-93.67103,404.0,MARCELL RANGER STN,USC00215175,47.64451714285715,-93.66015428571427,417.7,13.7,54.2,1993-10-03,1997-01-01,2
siseebakwet,xKB1640,47.15701,-93.67103,404.0,WINNIBIGOSHISH DAM,USC00219059,47.43241383333333,-94.05286833333332,401.2,-2.8,42.1,1985-01-20,1985-01-20,1
swan,xKB1746,44.9111,-94.2343,316.0,LITCHFIELD,USC00214778,45.12897992857142,-94.52510642857142,344.3,28.3,33.3,1970-01-01,2014-12-31,15960
swan,xKB1746,44.9111,-94.2343,316.0,HUTCHINSON 1 N,USC00213962,44.89528725,-94.3918675,331.9,15.9,12.6,1970-10-30,2008-08-25,451
swan,xKB1746,44.9111,-94.2343,316.0,STEWART 6 SSW,USC00218025,44.69933200000001,-94.49336100000001,317.0,1.0,31.2,1983-10-01,2002-03-04,9
swan,xKB1746,44.9111,-94.2343,316.0,HUTCHINSON 1W,USC00213965,44.893065,-94.37956,323.1,7.1,11.6,2010-02-27,2014-07-24,8
swan,xKB1746,44.9111,-94.2343,316.0,BROWNTON WWTP,USC00211065,44.73376285714285,-94.34125714285715,317.0,1.0,21.4,2003-12-13,2007-01-29,6
swan,xKB1746,44.9111,-94.2343,316.0,GAYLORD,USC00213076,44.553229166666675,-94.21865891666666,310.4,-5.6,39.8,1986-01-18,1986-01-18,1
swan,xKB1746,44.9111,-94.2343,316.0,DELANO,USC00212088,45.04566499999999,-93.78858166666669,284.5,-31.5,38.2,1991-12-19,1991-12-19,1
tetonka,xKB1774,44.23052,-93.60736,303.0,WASECA EXP STA,USC00218692,44.06912669230769,-93.52288976923076,351.3,48.3,19.2,1972-01-01,2017-12-31,16690
tetonka,xKB1774,44.23052,-93.60736,303.0,FARIBAULT R S KDHL,USC00212721,44.301106250000004,-93.27277162499999,302.9,-0.1,27.8,1972-12-18,2007-09-01,109
tetonka,xKB1774,44.23052,-93.60736,303.0,SAINT PETER 2SW,USC00217405,44.31706436842106,-93.95911057894737,255.1,-47.9,29.7,1990-02-18,2015-01-05,3
washington,xKB1921,44.25335,-93.87293,297.0,SAINT PETER 2SW,USC00217405,44.31706436842106,-93.95911057894737,255.1,-41.9,9.9,1949-01-01,2017-12-31,23473
washington,xKB1921,44.25335,-93.87293,297.0,MANKATO,USC00215073,44.152335555555545,-94.01967666666667,257.7,-39.3,16.2,1984-09-20,2009-04-20,1165
washington,xKB1921,44.25335,-93.87293,297.0,MANKATO,USC00216007,44.17777666666667,-94.02222333333333,238.8,-58.2,14.6,1954-12-18,1984-08-23,439
washington,xKB1921,44.25335,-93.87293,297.0,WASECA EXP STA,USC00218692,44.06912669230769,-93.52288976923076,351.3,54.3,34.7,1949-01-21,2017-09-25,117
washington,xKB1921,44.25335,-93.87293,297.0,NORTH MANKATO 2,USC00216008,44.1709,-94.0385,304.8,7.8,16.1,2012-09-02,2015-03-08,8
wirth,xKB1987,44.98177,-93.32369,247.0,MINNEAPOLIS WSFO AP,USW00014922,44.899911100000004,-93.22594800000003,257.9,10.9,11.9,1958-01-01,2016-12-31,21550
